region,promedio,mediana,desviacion_std,maximo,minimo
northeast,29673.53647283582,28101.33305,11589.559769909903,58571.07448,12829.4551
northwest,30192.003182413795,27488.996475,11413.82770177846,60021.39897,14711.7438
southeast,34844.996823626374,37484.4493,11324.766535937068,63770.42801,16577.7795
southwest,32269.063493620688,35165.2565,11270.279592699077,52590.82939,13844.506
